[{"@type":"mappingTemplate","id":"@1","name":"Mapping_RESTV2","description":"","bundleVersion":"0","assetFrsGuid":"gUZVbeMjwkzjYY3oySh3mp","templateId":"@3","hasParameters":false,"valid":true,"fixedConnection":true,"hasParametersDeployed":false,"fixedConnectionDeployed":false,"isSchemaValidationEnabled":false,"tasks":0,"mappingPreviewFileRecordId":"@2","documentType":"MAPPING","references":[{"@type":"reference","refObjectId":"@0Mt4OPXfxyhgeNoURrrH0J","refType":"connection"},{"@type":"reference","refObjectId":"@bRGHInHf42OdX2IhT7k0QX","refType":"connection"}]}]